appointmentid,clientid,employeeid,date,time,purpose,notes
1,488,76,2021-01-16,15:44:34,Closing,Quite develop military measure.
2,812,36,2022-04-01,19:01:23,Closing,
3,48,57,2021-10-07,8:23:01,Closing,
4,751,78,2022-07-19,7:37:47,Consultation,Campaign budget issue poor upon often.
5,304,73,2022-04-26,23:36:15,Viewing,Among able into anyone upon clearly how.
6,679,48,2021-12-17,16:13:13,Closing,Fine happen our start ball guess.
7,567,36,2023-12-12,5:32:58,Viewing,
8,958,70,2021-11-23,7:56:25,Viewing,
9,88,9,2023-02-12,7:20:14,Closing,
10,189,47,2022-07-09,0:33:47,Closing,Artist finally product cup score head realize.
11,197,99,2023-09-14,23:46:43,Viewing,Lose arrive detail democratic produce human.
12,1,8,2023-03-23,9:41:31,Viewing,Ball listen term away upon best several.
13,435,70,2021-05-20,15:42:04,Viewing,Really production these PM page answer will green.
14,766,36,2021-10-05,16:23:44,Viewing,Check back behavior fund his wind third.
15,476,32,2023-12-03,15:01:43,Viewing,
16,317,81,2023-11-21,19:06:22,Closing,
17,217,46,2021-04-13,4:13:43,Consultation,Whose within include community couple know at.
18,410,94,2022-11-12,6:22:01,Viewing,Perhaps early which friend production central speak.
19,983,86,2023-02-17,5:03:42,Viewing,Traditional right sure work man hear itself.
20,687,87,2021-06-29,11:55:13,Closing,Student growth deal enjoy.
21,344,31,2022-04-23,7:41:02,Viewing,Management fast crime environmental dinner pull.
22,618,47,2021-08-10,20:46:23,Consultation,Stand its very mouth two.
23,108,90,2023-02-19,6:42:47,Closing,Law since thus art admit perform break.
24,237,95,2021-07-23,0:33:02,Viewing,
25,291,96,2022-09-18,12:30:03,Viewing,
26,703,12,2021-10-03,19:50:05,Consultation,
27,824,79,2023-08-11,2:11:59,Consultation,
28,222,100,2023-07-31,2:52:48,Consultation,
29,382,90,2022-09-05,22:03:49,Viewing,
30,427,24,2022-10-31,3:12:02,Viewing,
31,282,9,2022-10-21,3:26:36,Consultation,
32,713,76,2021-01-29,11:37:29,Viewing,
33,503,24,2023-02-16,9:16:29,Consultation,
34,558,79,2023-11-14,21:45:10,Closing,Yes now building capital difference its.
35,191,54,2023-08-25,0:34:33,Consultation,Artist new series rock.
36,972,4,2023-06-01,19:11:25,Consultation,Push opportunity number when summer quite number.
37,224,82,2022-04-01,8:21:57,Viewing,His federal none against coach reflect central.
38,247,95,2023-07-23,16:02:37,Viewing,
39,807,98,2022-04-22,11:12:47,Viewing,
40,579,43,2021-12-03,13:09:01,Consultation,
41,526,92,2023-08-28,11:50:30,Closing,
42,96,6,2021-12-22,10:02:51,Viewing,
43,785,60,2021-08-15,10:15:09,Consultation,Dark day black score anyone ok every.
44,777,62,2021-05-22,8:23:13,Consultation,
45,726,93,2023-09-30,20:13:39,Viewing,Give much current gun spring spend film.
46,469,13,2023-04-22,23:47:31,Closing,Anyone whole those many.
47,683,100,2021-11-25,11:22:52,Viewing,While campaign manager one cup management really.
48,324,80,2021-08-23,0:19:42,Consultation,
49,724,54,2022-12-16,14:32:28,Consultation,
50,704,88,2023-01-26,10:09:18,Viewing,
51,171,40,2021-12-28,7:43:27,Viewing,
52,375,56,2021-06-22,1:50:38,Consultation,Offer staff possible difficult.
53,478,82,2022-06-17,12:15:32,Viewing,
54,561,49,2023-06-15,1:35:51,Viewing,
55,843,71,2022-06-21,22:10:50,Closing,
56,497,98,2023-05-30,3:27:46,Consultation,
57,73,1,2021-01-30,15:06:06,Closing,People court food serve husband north six.
58,641,48,2023-04-19,7:54:43,Closing,Figure picture project fact teacher.
59,538,73,2022-12-23,10:29:09,Viewing,
60,529,12,2022-05-18,0:17:44,Closing,Continue born study issue sometimes school.
61,657,46,2022-08-03,22:01:13,Viewing,
62,195,56,2023-09-28,0:12:06,Viewing,
63,506,55,2022-12-27,9:52:30,Consultation,National care report crime nothing.
64,616,63,2022-08-03,23:57:57,Closing,Be government degree probably.
65,145,3,2022-02-12,13:17:11,Viewing,Fight social again get.
66,124,62,2021-12-12,12:13:33,Consultation,Past sister majority cup left president likely.
67,713,72,2022-09-07,20:08:33,Closing,What body loss least reach.
68,71,30,2022-02-26,16:59:08,Viewing,
69,122,10,2022-05-15,2:07:30,Viewing,
70,573,9,2021-04-06,23:06:25,Viewing,Notice investment day religious.
71,576,79,2023-11-27,19:36:12,Viewing,Few government country.
72,903,74,2022-01-19,10:46:24,Viewing,Her shoulder old theory.
73,972,10,2021-01-27,6:18:22,Viewing,Shake family seek education son as.
74,841,92,2023-12-27,11:51:49,Consultation,Sea which above upon economic your.
75,747,18,2022-05-16,13:36:37,Viewing,However star if something where book American.
76,856,60,2021-06-23,5:10:09,Viewing,
77,22,64,2021-03-28,20:17:56,Viewing,Understand fly student remember long item.
78,370,17,2021-02-09,1:56:40,Viewing,
79,831,46,2023-10-25,12:19:56,Closing,Soldier line activity admit where report.
80,315,41,2021-11-20,22:13:15,Viewing,Personal yourself blue.
81,684,9,2022-07-11,17:58:42,Viewing,
82,804,60,2022-01-14,18:34:10,Consultation,Cut wife assume huge hit everybody beyond front.
83,869,61,2021-10-24,18:45:42,Viewing,Nature wonder day goal.
84,84,78,2021-06-08,21:12:29,Closing,Somebody into well bed.
85,152,18,2022-08-27,4:53:34,Viewing,
86,82,75,2021-06-08,9:43:34,Viewing,
87,359,70,2022-01-27,3:50:03,Viewing,
88,113,15,2021-08-30,21:31:21,Consultation,High there cost explain above.
89,947,74,2021-12-09,13:51:16,Closing,Kind sell thought decade reveal risk.
90,895,1,2021-12-25,4:28:21,Consultation,Have image well field behind.
91,372,42,2022-06-20,13:21:11,Consultation,Which pretty specific similar.
92,312,25,2023-06-12,8:53:02,Closing,Side four difficult candidate draw firm eight.
93,240,46,2022-12-03,8:04:33,Viewing,Recently per establish security letter subject capital.
94,954,56,2021-01-28,22:19:32,Consultation,Financial life now play because.
95,951,23,2021-12-06,10:34:39,Viewing,
96,241,54,2022-03-06,13:30:40,Viewing,
97,435,66,2022-03-14,2:24:25,Consultation,
98,310,65,2023-07-04,10:27:59,Consultation,
99,93,41,2023-10-07,15:59:06,Consultation,
100,22,92,2021-09-25,18:08:51,Viewing,
101,855,30,2022-01-30,19:19:43,Consultation,Wonder first war record song similar only.
102,356,87,2023-10-14,1:29:45,Viewing,
103,619,19,2021-09-02,20:09:33,Viewing,Position together produce successful must suggest old hold.
104,118,14,2023-12-15,11:36:22,Viewing,
105,816,7,2023-08-21,4:08:36,Viewing,West yes end share together knowledge.
106,981,27,2022-07-27,5:23:57,Viewing,Go television draw front partner art.
107,93,77,2022-11-22,23:50:12,Viewing,Happen lead agent claim.
108,908,29,2022-01-17,23:54:41,Viewing,Difference church dark security accept tough.
109,986,1,2021-06-10,0:16:07,Viewing,
110,406,97,2021-03-28,18:44:07,Viewing,Think report budget above pull.
111,487,37,2023-03-07,15:49:59,Closing,Into you just industry tend.
112,226,60,2021-10-14,11:19:08,Viewing,Radio southern rest.
113,193,41,2021-02-06,19:10:01,Consultation,
114,429,82,2023-11-09,8:42:21,Closing,
115,445,71,2023-12-13,6:20:53,Viewing,Away science hospital drug during push specific.
116,172,55,2023-03-01,12:31:57,Viewing,
117,875,82,2021-05-27,6:21:53,Consultation,
118,136,33,2021-08-17,11:50:13,Viewing,Leader every meet marriage.
119,251,61,2022-06-12,2:25:43,Viewing,Quality form identify shoulder.
120,706,32,2023-11-10,17:52:02,Closing,
121,587,23,2022-08-06,6:07:36,Viewing,Interest avoid goal.
122,491,33,2022-09-15,9:39:41,Viewing,
123,489,85,2021-06-20,12:02:14,Viewing,
124,916,44,2023-12-23,9:23:29,Viewing,Pull down apply without weight new answer.
125,323,38,2022-02-18,18:12:53,Consultation,
126,709,43,2022-05-10,23:33:59,Viewing,None house according.
127,662,16,2021-08-13,0:45:39,Closing,Choice car analysis agent every fast.
128,164,66,2023-10-12,16:02:37,Closing,
129,723,33,2023-08-11,14:38:59,Viewing,
130,517,82,2023-09-15,9:47:00,Consultation,Successful model pattern century.
131,693,79,2022-03-07,17:24:29,Consultation,
132,767,47,2021-05-19,13:45:54,Viewing,Commercial fly upon tough before.
133,275,50,2022-02-13,2:49:50,Consultation,
134,297,46,2021-09-21,16:38:29,Consultation,
135,104,35,2021-07-30,2:50:57,Closing,
136,451,40,2022-01-29,20:09:25,Consultation,
137,96,78,2023-12-27,17:40:01,Closing,There never benefit level situation concern each.
138,507,45,2021-03-16,20:46:00,Consultation,
139,339,55,2023-01-22,19:52:55,Closing,Art television determine administration tough cost treat.
140,745,7,2022-10-29,19:57:44,Consultation,
141,763,6,2023-05-30,21:14:31,Consultation,
142,592,14,2022-08-12,5:48:44,Consultation,Question just somebody decision law look.
143,17,19,2022-09-27,21:53:04,Viewing,Tend involve possible there bed other city.
144,453,74,2023-04-15,2:20:13,Consultation,Conference very station will a.
145,61,11,2021-04-05,8:31:23,Viewing,
146,996,44,2021-09-15,17:37:35,Viewing,
147,699,10,2021-07-11,15:02:41,Consultation,Language capital exist down career help.
148,876,86,2022-07-04,2:07:38,Consultation,Trial measure end magazine course method modern.
149,818,13,2022-12-30,11:16:09,Consultation,Between top though create bank.
150,888,56,2022-02-17,7:42:34,Viewing,Around blood live defense.
151,849,78,2021-03-26,1:37:48,Viewing,
152,167,48,2023-06-28,6:26:43,Viewing,Defense mention you my receive.
153,714,86,2023-01-27,5:35:35,Closing,
154,857,74,2021-03-07,4:44:27,Viewing,Relationship strong friend though bill Democrat.
155,472,73,2021-11-25,6:51:49,Viewing,Writer but policy control control sea.
156,357,84,2021-03-08,6:52:14,Viewing,Thought same operation skill last.
157,894,23,2023-02-25,15:39:56,Consultation,They house policy itself.
158,818,55,2022-09-11,19:48:48,Closing,Another side add process remember simple score.
159,348,83,2021-05-25,11:15:25,Closing,
160,203,55,2021-07-29,9:46:41,Consultation,Build these hour no mention radio fire.
161,495,97,2021-05-10,23:59:43,Viewing,
162,821,37,2023-08-19,8:46:59,Viewing,Heavy mouth north I.
163,792,61,2023-12-24,17:16:59,Closing,Card theory statement agree choose.
164,158,68,2023-10-17,10:44:56,Viewing,
165,344,83,2023-10-05,13:32:24,Closing,Quality near left.
166,305,79,2022-03-03,21:03:43,Viewing,
167,243,67,2021-12-16,1:55:51,Viewing,Land appear however respond clear professor.
168,916,29,2023-08-20,13:27:40,Viewing,Perhaps serve charge buy store near something.
169,529,41,2022-04-07,16:32:49,Viewing,Road ball push business field child Congress because.
170,757,20,2023-11-27,16:36:41,Closing,
171,381,43,2023-03-22,16:22:49,Viewing,Gun relationship appear watch off.
172,747,52,2021-09-04,0:14:19,Viewing,
173,609,50,2022-10-21,4:27:56,Consultation,
174,678,37,2023-10-19,15:13:57,Consultation,Prepare shake people.
175,273,48,2023-11-26,1:03:14,Closing,
176,310,30,2023-03-17,18:13:38,Viewing,Apply where career might skin peace those.
177,317,87,2022-08-16,16:03:32,Viewing,
178,965,72,2022-12-11,19:09:03,Viewing,
179,100,83,2022-12-30,3:09:27,Viewing,Two property affect father.
180,398,78,2023-10-08,22:32:01,Closing,Space no section expert western research describe.
181,231,83,2022-12-29,17:04:15,Viewing,Choose opportunity him pattern father cut some.
182,608,34,2023-09-15,14:13:58,Viewing,
183,457,35,2023-03-21,7:14:33,Closing,
184,52,70,2021-04-09,12:20:44,Consultation,Hear participant region cold choose resource focus.
185,944,30,2023-05-18,11:16:55,Viewing,
186,937,72,2021-10-08,12:06:41,Consultation,Responsibility teacher word these call technology later until.
187,155,78,2023-09-12,10:33:30,Closing,Soon power already party sister forget another.
188,435,35,2022-03-02,7:13:43,Consultation,Notice project discuss.
189,91,14,2022-06-09,15:30:10,Closing,Director lot quite into save step.
190,144,45,2023-01-14,14:41:02,Consultation,City politics couple buy.
191,806,51,2023-12-26,23:05:54,Closing,True exist company include low letter I effect.
192,814,41,2021-06-20,9:57:52,Viewing,
193,381,70,2023-01-26,20:13:11,Viewing,Assume industry I point.
194,127,38,2022-06-21,8:27:25,Viewing,
195,961,76,2022-02-03,12:09:18,Viewing,
196,533,99,2021-08-30,6:51:58,Viewing,
197,191,10,2021-07-23,23:49:06,Consultation,
198,246,59,2021-09-02,5:49:17,Viewing,
199,356,61,2022-04-06,10:50:35,Closing,Back out movie year heavy product recently part.
200,538,80,2022-06-15,23:28:40,Consultation,His also audience finally ahead.
201,961,22,2022-10-02,3:23:02,Viewing,
202,59,55,2023-05-02,19:14:07,Closing,Church paper tell toward member.
203,199,73,2022-11-18,7:44:40,Closing,Defense first different wife he collection stand thousand.
204,35,48,2021-11-20,4:53:40,Viewing,List myself back career on risk lawyer pass.
205,193,54,2021-11-12,0:36:51,Consultation,Their your itself player Mrs fine.
206,299,32,2021-01-08,13:29:04,Closing,
207,335,36,2021-04-10,8:30:04,Closing,
208,682,77,2022-09-10,15:33:58,Consultation,
209,101,52,2022-11-17,2:16:00,Viewing,News still cultural education game sister base.
210,362,10,2022-05-31,0:52:01,Viewing,Market follow because hear.
211,229,99,2023-12-05,6:20:58,Closing,
212,696,86,2022-07-28,6:40:40,Consultation,
213,931,80,2023-12-27,20:15:28,Viewing,
214,537,26,2022-10-19,6:21:25,Viewing,
215,574,3,2021-09-21,23:08:13,Viewing,
216,424,46,2022-07-17,3:22:11,Consultation,Dinner could I ask white stay per.
217,277,49,2022-10-23,14:35:15,Viewing,Effort kitchen include prevent lay national vote room.
218,787,50,2021-10-21,19:28:33,Viewing,Even end sport claim next operation participant.
219,293,24,2021-10-21,21:20:46,Viewing,Available condition president.
220,553,81,2022-09-03,2:35:13,Viewing,
221,341,58,2023-08-13,4:49:26,Consultation,More hit life work happy recent knowledge particular.
222,201,64,2022-11-12,6:48:44,Viewing,Card understand safe small.
223,776,54,2021-05-18,23:50:29,Closing,Treatment story live realize foot hotel story travel.
224,956,97,2021-07-01,23:28:57,Consultation,
225,406,37,2021-12-09,17:22:28,Closing,
226,501,15,2022-08-29,4:57:41,Viewing,Charge by keep fund raise let what.
227,816,94,2021-01-13,2:52:30,Closing,
228,477,45,2022-06-09,7:59:01,Closing,Recognize may yes fund nearly change.
229,565,29,2022-08-15,11:08:38,Consultation,Model growth religious audience teach.
230,933,8,2022-10-03,12:08:52,Closing,Five language left study standard.
231,526,26,2023-03-03,11:02:28,Viewing,
232,84,73,2022-06-20,4:36:34,Viewing,
233,436,93,2023-06-25,17:02:01,Closing,Soon yes various about entire.
234,509,94,2023-02-24,18:25:40,Closing,
235,219,26,2023-12-22,5:45:01,Viewing,
236,498,60,2023-08-24,2:49:27,Viewing,
237,730,28,2022-04-26,16:12:26,Viewing,Once future public too or professor sing.
238,672,24,2021-02-26,7:52:27,Viewing,Bag red finish huge.
239,713,19,2023-03-07,20:12:49,Viewing,
240,767,82,2023-12-17,16:29:28,Viewing,
241,115,19,2022-09-03,2:11:34,Viewing,
242,33,27,2021-02-14,15:19:49,Viewing,
243,616,71,2023-11-05,13:16:13,Viewing,
244,571,40,2021-12-14,3:40:36,Consultation,Board range someone receive none.
245,148,63,2023-12-14,9:08:19,Viewing,
246,843,7,2023-06-07,6:40:27,Viewing,
247,112,20,2022-05-08,18:29:21,Viewing,
248,426,81,2021-04-28,16:45:16,Viewing,Operation anyone heavy material tend grow.
249,326,84,2023-11-12,10:04:29,Viewing,
250,552,68,2023-07-13,23:39:58,Viewing,
251,236,74,2022-04-28,18:50:14,Consultation,
252,569,81,2022-03-16,16:52:35,Closing,
253,581,7,2023-01-31,1:09:38,Consultation,
254,590,30,2023-03-01,12:09:21,Viewing,
255,432,6,2023-09-16,21:50:10,Closing,
256,136,79,2023-11-30,21:19:22,Consultation,Get against beat from father well lot could.
257,354,62,2021-01-03,12:06:04,Consultation,Factor he them.
258,273,43,2022-08-24,19:50:27,Viewing,Seven wear manage sound.
259,588,13,2022-11-18,17:57:06,Closing,
260,893,55,2021-04-11,19:44:53,Viewing,
261,157,89,2021-10-02,8:20:46,Viewing,
262,992,52,2023-10-02,2:19:13,Viewing,Pay account happen apply big list response at.
263,343,35,2022-03-21,3:36:14,Consultation,
264,514,79,2022-07-20,22:00:50,Viewing,
265,354,55,2023-02-14,17:17:48,Viewing,
266,71,85,2022-11-29,9:31:41,Closing,
267,573,47,2022-07-13,18:25:31,Viewing,
268,970,28,2022-03-21,5:43:44,Consultation,Hit back despite center.
269,881,21,2022-03-04,1:04:52,Viewing,Process phone large side.
270,516,37,2023-12-06,17:50:34,Closing,
271,504,97,2023-11-21,7:01:06,Consultation,Enter sport cover during debate future check.
272,318,42,2023-01-22,22:46:42,Consultation,
273,651,35,2023-12-17,14:10:34,Viewing,Choice name society city.
274,342,86,2022-04-19,3:00:31,Viewing,On authority fall fight person however break.
275,366,91,2022-02-10,7:47:47,Consultation,Hair think education hit management maybe box particular.
276,395,57,2022-02-23,10:42:19,Consultation,Financial research main kid clear contain.
277,570,85,2022-01-20,5:15:09,Viewing,
278,594,100,2023-06-30,14:14:26,Viewing,
279,395,88,2023-06-30,0:18:26,Viewing,Inside theory agent stop physical capital above cause.
280,113,36,2023-10-14,18:58:39,Consultation,
281,768,80,2022-12-06,12:09:24,Consultation,
282,428,30,2022-09-18,11:15:28,Consultation,Travel return career answer.
283,930,25,2021-10-21,17:16:27,Viewing,
284,308,31,2023-01-11,12:30:38,Consultation,Low response real light education compare fish despite.
285,956,76,2021-12-30,7:55:15,Viewing,Pressure give tough board.
286,417,56,2022-07-12,23:44:02,Consultation,Program view agree some.
287,558,34,2023-04-03,3:47:09,Consultation,
288,980,91,2022-06-20,16:23:38,Viewing,Conference security forward realize analysis.
289,35,61,2023-12-21,21:09:07,Consultation,Air grow follow fight much history require anyone.
290,242,78,2022-06-26,5:26:05,Viewing,
291,337,78,2023-06-07,0:29:33,Closing,Sort happy attack break range seven paper.
292,251,44,2021-12-08,19:13:29,Closing,
293,473,95,2023-04-17,20:10:21,Viewing,
294,795,15,2023-05-27,22:05:51,Consultation,
295,579,15,2022-12-18,16:18:30,Closing,Parent thought effect mother.
296,280,29,2021-08-15,23:00:56,Viewing,Police himself indeed director food bank boy.
297,301,69,2021-07-23,15:25:30,Consultation,Air factor support even.
298,643,96,2022-08-02,22:10:24,Closing,
299,369,95,2023-03-23,9:02:20,Viewing,
300,799,34,2021-08-18,4:31:53,Consultation,
301,409,81,2022-09-01,13:14:49,Viewing,Shoulder point action fly.
302,284,89,2022-11-03,22:41:29,Viewing,
303,882,12,2021-03-28,3:26:48,Consultation,Clearly threat could increase the.
304,380,10,2022-10-19,20:32:41,Closing,Film and she example.
305,372,77,2022-11-13,14:38:58,Consultation,
306,227,83,2023-12-28,19:50:05,Consultation,
307,281,11,2022-05-24,6:45:15,Consultation,Far true life tonight about they.
308,138,43,2023-02-22,9:28:31,Consultation,
309,554,29,2022-03-31,0:17:43,Viewing,Stock start billion especially these yeah that deal.
310,642,98,2022-03-26,8:34:45,Viewing,Available wear particularly these claim understand.
311,262,8,2023-05-15,1:27:34,Consultation,Information exactly look her traditional buy bank.
312,3,78,2022-10-11,3:42:50,Closing,
313,131,70,2023-07-02,2:40:20,Consultation,
314,944,97,2021-07-30,13:13:29,Viewing,Southern on red late feel key article.
315,640,33,2021-11-17,21:35:45,Viewing,
316,424,53,2022-10-18,7:52:52,Consultation,Question computer unit radio detail.
317,525,49,2023-06-28,21:36:38,Closing,Base often vote send international large they.
318,290,14,2021-04-30,9:32:41,Consultation,
319,183,64,2021-04-20,23:09:16,Closing,Keep whatever hour.
320,56,24,2021-03-17,7:45:59,Closing,Relationship lay language pay discussion house and rate.
321,436,81,2021-09-08,23:27:32,Closing,
322,717,83,2023-07-25,22:44:13,Closing,
323,753,100,2022-06-22,17:32:49,Viewing,
324,661,87,2023-08-14,5:09:43,Consultation,
325,635,40,2023-11-04,15:17:32,Viewing,
326,79,1,2022-09-27,22:20:20,Viewing,Scene nor drive discover style ability.
327,92,45,2023-10-22,19:25:02,Viewing,
328,837,10,2022-03-20,4:40:37,Viewing,City easy one before deal can.
329,810,41,2022-07-27,0:48:54,Viewing,Above yes consider pretty.
330,7,69,2023-10-09,0:37:37,Viewing,Better campaign from almost on nice maybe.
331,82,65,2022-04-26,1:52:50,Viewing,System activity its he station whether reality tough.
332,679,33,2022-09-27,3:09:28,Consultation,Way region sport avoid much campaign necessary.
333,591,71,2022-08-22,11:01:33,Viewing,Option billion onto quite cost.
334,747,22,2023-04-23,1:32:29,Closing,
335,368,20,2021-08-18,0:55:19,Consultation,Play camera simply rise.
336,502,5,2022-06-22,6:41:32,Viewing,
337,107,14,2023-10-01,1:01:12,Consultation,Pm Mr material the.
338,651,99,2021-09-18,16:31:33,Closing,Record including seven necessary all.
339,977,68,2021-06-10,21:51:06,Viewing,
340,150,6,2023-12-02,15:04:15,Viewing,
341,780,26,2023-08-25,10:38:50,Consultation,Mouth all ever front.
342,798,92,2023-09-30,15:36:00,Viewing,Kind realize the six individual.
343,871,84,2023-01-26,23:35:35,Consultation,Group despite executive none message.
344,815,5,2021-09-14,0:54:56,Viewing,
345,525,57,2023-06-01,17:46:41,Consultation,Understand first provide minute attention even century usually.
346,120,34,2023-03-28,7:47:16,Viewing,Common explain like.
347,702,42,2021-07-21,13:54:04,Consultation,
348,816,99,2023-07-17,19:37:38,Closing,Eight address understand practice in drive land character.
349,908,87,2022-10-27,4:25:49,Viewing,Politics its election parent leg.
350,531,50,2021-05-20,22:17:30,Viewing,Challenge stage follow us.
351,606,16,2021-04-03,11:39:45,Closing,Gun organization though phone.
352,68,55,2023-02-11,9:02:04,Viewing,Human long join race agreement.
353,531,20,2023-08-26,0:28:29,Viewing,Allow point professor water note.
354,498,1,2021-01-13,11:53:12,Viewing,
355,573,47,2021-06-12,7:31:43,Consultation,
356,756,73,2021-06-09,4:16:31,Viewing,Service remember size bank arm year hour.
357,901,63,2022-01-05,22:07:11,Closing,
358,43,4,2023-07-07,8:06:53,Viewing,
359,219,22,2022-06-04,12:57:06,Consultation,
360,789,14,2022-09-26,22:15:11,Viewing,Entire peace scene six trouble PM pull.
361,822,34,2021-10-09,5:10:04,Viewing,
362,119,55,2022-03-26,22:53:00,Viewing,
363,328,72,2022-12-07,22:38:54,Viewing,Stand bit shake another professor.
364,531,91,2023-02-07,5:32:59,Viewing,
365,562,75,2022-08-21,9:03:03,Viewing,Truth spring treat other door build.
366,142,31,2021-12-29,15:21:43,Consultation,Those risk whose box once.
367,264,4,2023-09-22,0:03:56,Viewing,
368,77,40,2022-07-18,7:41:17,Viewing,Prove defense reduce season three.
369,358,100,2022-07-06,4:35:30,Consultation,Customer sport little focus.
370,545,55,2022-07-14,13:41:44,Viewing,See central marriage upon goal Mr every.
371,106,42,2023-07-03,22:53:35,Closing,Company middle chair baby compare major.
372,700,65,2022-04-29,1:58:31,Consultation,Share TV western miss contain provide great.
373,186,40,2022-04-26,10:17:15,Consultation,Star that another couple economic.
374,349,95,2023-09-28,16:44:12,Viewing,
375,319,36,2021-02-08,17:33:34,Viewing,Among image plan key together knowledge.
376,14,31,2021-02-19,0:47:20,Viewing,
377,66,49,2021-06-17,3:12:36,Consultation,Big draw very reality.
378,264,46,2023-11-21,18:38:47,Viewing,International Republican improve blood.
379,219,5,2021-09-10,22:29:58,Viewing,Film water person prepare support I herself.
380,485,18,2023-11-26,2:44:21,Viewing,Off fine difference put step window.
381,962,59,2022-01-12,19:12:41,Viewing,Scientist soon require visit.
382,596,41,2022-11-25,20:17:12,Viewing,
383,821,64,2022-12-20,22:43:57,Viewing,Commercial group fire hard memory city.
384,94,1,2022-07-01,16:28:30,Viewing,
385,976,6,2022-06-09,21:53:58,Viewing,Such guess with someone use citizen.
386,655,36,2021-06-30,19:23:27,Viewing,
387,715,78,2021-08-03,21:54:06,Viewing,Garden whether character free occur.
388,635,7,2023-07-20,9:28:04,Viewing,Against drive green box rather beat evening.
389,944,25,2021-07-29,15:18:25,Closing,You around hot performance religious nor girl.
390,54,2,2021-05-06,14:48:22,Viewing,
391,329,14,2023-02-19,16:28:40,Consultation,Democratic main friend exist sea too let.
392,69,81,2021-04-29,9:55:20,Viewing,Have economic tend wall certainly heart.
393,740,1,2023-02-21,19:18:08,Viewing,Partner far act foot raise heavy technology face.
394,611,24,2022-02-21,13:48:37,Viewing,
395,916,40,2023-02-17,0:35:49,Viewing,You rule raise main.
396,46,46,2023-07-12,23:02:32,Viewing,Although toward certain anything describe compare her.
397,955,37,2021-06-25,22:09:03,Viewing,Per compare increase age anything test.
398,54,23,2021-11-28,16:15:24,Viewing,Participant agent develop fish recently agree bed.
399,159,16,2022-04-05,20:15:54,Viewing,
400,78,95,2021-05-13,14:48:30,Viewing,Field design teacher process value.
401,652,50,2023-07-23,14:44:37,Consultation,Field analysis responsibility sound long.
402,882,19,2021-07-19,12:42:23,Consultation,Maybe book city short.
403,458,14,2022-07-08,22:30:13,Consultation,
404,697,78,2022-11-22,9:55:42,Viewing,
405,949,58,2023-05-09,8:34:27,Consultation,Over safe adult mission will.
406,612,34,2022-01-29,10:21:35,Viewing,Bill ever north such top actually page.
407,329,46,2021-05-25,13:40:28,Consultation,Place office raise edge make.
408,317,26,2021-01-04,14:23:45,Viewing,
409,419,64,2021-10-22,22:31:14,Consultation,Pattern herself especially seven name.
410,453,100,2022-10-21,19:36:25,Consultation,Company find test kitchen artist throw movement risk.
411,274,91,2023-11-12,1:25:36,Viewing,
412,126,95,2022-03-29,1:18:40,Viewing,Should building government week article every herself discuss.
413,775,10,2021-12-02,17:32:54,Consultation,Six shoulder huge arrive shake discussion.
414,587,9,2022-09-20,14:22:52,Closing,Contain health determine similar state main yeah.
415,279,37,2023-02-19,21:44:02,Consultation,
416,797,34,2021-12-24,19:13:02,Closing,Talk offer like establish enter herself.
417,360,21,2023-06-02,23:52:58,Viewing,Ahead us institution myself ahead eye stand involve.
418,59,67,2023-02-02,21:41:04,Viewing,Green somebody laugh key agency truth similar.
419,680,67,2022-03-30,16:15:52,Viewing,
420,864,72,2022-07-11,22:38:12,Viewing,
421,573,43,2021-08-06,15:26:55,Consultation,His back institution same Mr involve.
422,128,3,2021-10-28,15:21:49,Viewing,
423,156,81,2022-04-26,7:31:22,Consultation,Expert since miss animal probably I.
424,228,10,2021-03-25,4:53:38,Consultation,She PM you live image.
425,801,49,2023-04-20,13:58:26,Consultation,Perform too successful school reason news.
426,332,26,2022-03-13,1:28:42,Viewing,Ahead knowledge parent black suggest impact remain.
427,725,42,2023-07-11,15:24:08,Viewing,
428,514,49,2022-03-20,2:43:52,Viewing,
429,172,80,2022-07-19,14:42:34,Viewing,Traditional air huge light spend.
430,425,95,2022-12-24,14:58:36,Viewing,Sister city mother.
431,674,25,2021-03-31,19:46:34,Viewing,Present black least direction whose.
432,190,90,2021-09-04,1:57:19,Viewing,
433,79,40,2021-06-26,14:19:48,Closing,
434,594,77,2023-05-31,19:15:48,Viewing,
435,157,92,2022-11-13,3:49:43,Closing,
436,33,31,2023-01-02,8:07:20,Viewing,
437,899,35,2021-05-28,1:13:14,Viewing,
438,186,17,2021-08-16,23:35:27,Viewing,Area cause exactly bill rather.
439,161,47,2023-05-16,7:01:07,Viewing,
440,675,34,2022-12-23,2:33:22,Viewing,
441,263,67,2023-03-19,20:27:50,Viewing,
442,909,1,2022-09-01,1:01:53,Viewing,Own everybody old.
443,334,15,2021-04-28,21:37:34,Closing,
444,207,6,2023-08-30,15:16:26,Viewing,
445,965,25,2023-07-17,3:01:51,Consultation,
446,420,36,2021-05-18,3:28:29,Viewing,
447,3,69,2023-06-18,3:55:38,Viewing,Character major throw wind.
448,438,49,2023-11-27,19:15:14,Viewing,
449,512,13,2023-01-04,3:25:21,Consultation,Campaign four small exactly born live.
450,910,29,2021-07-22,13:28:17,Consultation,
451,259,89,2021-08-03,11:04:27,Consultation,
452,716,60,2022-05-24,11:53:03,Viewing,Direction charge machine third walk feeling sometimes.
453,570,44,2023-12-15,11:38:36,Viewing,
454,38,55,2023-05-16,3:20:34,Closing,
455,865,13,2023-09-27,9:14:26,Closing,American great read paper Mr avoid race according.
456,48,37,2023-02-04,5:46:57,Viewing,Upon wait line ready rest human great.
457,764,41,2023-11-21,11:03:11,Closing,
458,574,33,2022-12-10,23:01:07,Viewing,Wife almost song new international resource.
459,601,37,2022-10-20,20:23:03,Viewing,Film method sell hospital rest cost international follow.
460,803,22,2023-02-03,10:19:13,Closing,
461,229,53,2023-06-24,4:28:34,Viewing,Claim name talk example even.
462,582,85,2021-11-17,9:00:23,Viewing,Strong let join serious performance become.
463,704,69,2023-10-17,4:31:09,Viewing,Wear everybody final head send actually.
464,123,9,2021-03-15,0:38:36,Closing,
465,745,43,2021-09-08,9:08:29,Viewing,Art become evening pretty song camera poor.
466,192,57,2022-11-18,6:04:46,Viewing,Go their carry single trip cell student.
467,67,58,2021-12-28,6:18:20,Closing,
468,265,78,2023-08-11,8:19:58,Viewing,Dark quickly movie box accept last.
469,256,99,2023-02-08,6:22:51,Consultation,
470,533,67,2021-03-02,5:04:03,Closing,
471,618,94,2023-05-18,17:55:46,Viewing,Crime different nation garden rich.
472,964,27,2022-09-20,8:57:45,Consultation,Good every plant have.
473,314,64,2022-04-25,9:34:31,Consultation,
474,69,89,2023-12-06,11:58:44,Viewing,
475,970,41,2022-06-02,13:37:04,Closing,Around hope yet tough hit lose.
476,860,87,2022-01-12,15:24:03,Closing,
477,154,63,2023-04-17,4:32:36,Closing,
478,480,5,2023-05-01,17:23:19,Closing,At artist political reduce in peace ever.
479,176,41,2021-08-10,11:28:49,Consultation,From cut born.
480,813,73,2021-09-16,20:39:30,Viewing,
481,709,66,2023-09-01,23:11:12,Viewing,Issue hit wind other.
482,338,42,2021-04-06,1:20:29,Consultation,Yes business improve nation else help.
483,961,21,2022-10-05,12:34:15,Consultation,
484,939,56,2022-02-19,12:33:24,Viewing,Debate anyone myself live after Republican.
485,400,72,2023-12-28,19:24:07,Viewing,
486,948,42,2022-03-04,8:18:24,Consultation,Much form indeed news.
487,95,76,2021-07-11,8:08:12,Viewing,Plan night serious population grow.
488,145,87,2023-07-29,0:28:12,Consultation,
489,423,60,2021-06-25,15:38:27,Viewing,Radio interview without focus Democrat according.
490,441,72,2021-11-16,18:16:35,Closing,Around form service field film.
491,872,20,2023-12-20,8:20:35,Viewing,
492,320,10,2023-11-04,15:08:21,Consultation,Maintain second huge contain happen detail federal.
493,181,80,2023-08-17,4:14:11,Closing,Chance how paper.
494,522,63,2023-09-08,18:00:17,Closing,
495,863,51,2021-05-24,20:20:53,Consultation,
496,980,3,2023-06-10,19:32:55,Closing,
497,819,50,2022-09-26,7:12:24,Viewing,Notice artist professional.
498,847,87,2021-01-24,23:53:47,Viewing,
499,932,82,2022-12-15,11:28:41,Viewing,
500,484,39,2021-03-28,17:03:14,Viewing,Baby moment business while table whose my mean.
501,416,31,2021-08-05,10:52:21,Consultation,
502,128,28,2021-12-26,20:11:34,Closing,
503,617,16,2021-12-16,12:41:13,Consultation,
504,136,16,2022-09-12,18:21:10,Viewing,
505,352,60,2021-01-04,13:50:42,Closing,
506,700,1,2023-03-02,5:56:13,Viewing,
507,367,25,2021-05-31,23:35:38,Viewing,
508,290,21,2021-08-13,22:15:11,Consultation,
509,676,65,2023-08-02,5:55:13,Viewing,
510,376,33,2021-02-10,21:36:13,Consultation,
511,462,46,2023-07-08,20:47:12,Consultation,End boy require professor nor.
512,739,40,2022-09-11,11:32:19,Viewing,Rise week sometimes moment out toward.
513,388,53,2023-06-25,19:04:39,Consultation,Sort car amount cold president image total.
514,55,83,2022-05-15,3:53:42,Closing,Whose health on middle send someone discover.
515,86,68,2023-09-11,5:11:27,Consultation,Weight strong executive.
516,748,92,2022-04-30,10:07:25,Closing,Remain enough after cut color prevent option.
517,305,63,2023-03-28,12:14:10,Consultation,Coach near above possible.
518,392,90,2021-08-12,14:25:04,Consultation,Rise on majority better always price organization.
519,679,31,2022-05-24,2:36:06,Consultation,So food none again project for north.
520,612,76,2022-10-20,17:18:50,Consultation,
521,784,72,2022-05-23,5:38:55,Viewing,Lose claim memory smile maintain.
522,637,62,2021-02-18,12:04:32,Viewing,
523,965,71,2021-02-05,21:28:35,Closing,Benefit think heavy manager.
524,621,23,2023-12-09,8:41:14,Consultation,Of hundred wait local.
525,539,9,2023-12-30,19:00:54,Viewing,Professional truth return manage.
526,45,100,2022-06-28,1:48:44,Viewing,
527,684,38,2023-06-12,17:30:35,Consultation,
528,569,70,2022-08-26,4:26:05,Consultation,
529,141,77,2021-02-01,5:34:34,Viewing,Protect doctor despite dream field.
530,417,91,2021-08-06,23:07:27,Viewing,
531,223,15,2023-08-12,8:54:51,Viewing,
532,980,99,2023-03-31,12:36:59,Consultation,Day could degree fly society minute wife.
533,858,66,2023-02-28,7:16:21,Closing,
534,123,74,2022-11-22,7:41:50,Consultation,
535,994,71,2021-06-06,21:34:28,Viewing,
536,886,18,2021-04-14,13:36:36,Closing,Quickly animal marriage though rich father.
537,715,89,2022-12-26,19:50:00,Consultation,Kitchen character owner free hope.
538,708,16,2023-05-28,20:15:45,Viewing,
539,361,30,2022-06-11,9:01:00,Closing,
540,250,15,2022-01-24,0:08:47,Viewing,Yeah section edge professor interest somebody whatever.
541,589,99,2021-06-29,10:25:48,Closing,Same stop account forget matter.
542,308,64,2023-10-27,8:23:56,Consultation,Her fall development administration.
543,762,24,2022-07-15,11:38:14,Consultation,Able nothing serious.
544,902,59,2021-04-13,2:31:21,Viewing,
545,25,81,2021-04-04,13:09:26,Viewing,Nothing eight international office.
546,607,64,2021-08-01,18:36:16,Closing,
547,242,83,2021-11-27,5:08:48,Viewing,
548,943,40,2022-12-20,2:32:42,Viewing,Give across world resource professor south account.
549,229,90,2021-02-14,19:33:27,Closing,Role at different.
550,690,75,2023-09-06,20:44:20,Closing,
551,821,11,2022-06-16,15:14:55,Consultation,Student today cost western cause point market.
552,665,64,2022-10-20,13:02:40,Closing,
553,851,86,2021-02-25,0:13:19,Consultation,
554,966,66,2022-09-02,9:20:32,Viewing,Popular me hand trip ago give.
555,907,13,2022-03-06,20:49:48,Closing,
556,653,35,2021-12-04,8:28:33,Consultation,
557,418,85,2022-08-01,18:40:59,Viewing,Discussion any too American although western beyond.
558,362,13,2022-11-05,20:56:26,Closing,
559,519,9,2021-11-15,21:30:20,Viewing,
560,613,48,2023-09-10,21:49:15,Viewing,
561,900,60,2022-04-05,23:02:03,Closing,Over member significant two future weight necessary.
562,19,78,2021-06-28,23:52:42,Viewing,
563,176,32,2023-01-26,13:54:23,Viewing,Lay interview game poor his lawyer end well.
564,368,48,2021-01-22,2:48:02,Viewing,Traditional enter message education court.
565,4,74,2022-06-19,8:40:07,Viewing,
566,663,9,2021-08-13,0:54:35,Viewing,
567,248,52,2023-07-28,10:27:50,Consultation,Decade best movement officer.
568,226,100,2023-11-29,6:01:21,Consultation,
569,930,15,2021-10-11,16:24:49,Viewing,
570,171,32,2022-11-28,13:55:07,Viewing,
571,136,82,2022-05-20,14:46:11,Consultation,
572,721,21,2021-07-10,7:08:29,Viewing,
573,289,55,2023-05-25,22:56:08,Viewing,
574,733,57,2023-08-01,0:20:39,Consultation,
575,163,23,2023-07-21,23:09:18,Consultation,Development mother money paper truth receive commercial.
576,104,42,2023-09-23,12:49:21,Consultation,
577,830,36,2022-06-11,7:12:34,Viewing,Situation produce summer none.
578,236,25,2022-03-30,9:35:23,Viewing,
579,120,36,2023-08-13,22:34:22,Viewing,
580,216,22,2021-02-13,11:00:04,Consultation,
581,943,24,2023-01-31,6:12:39,Closing,
582,741,29,2021-03-21,18:34:33,Viewing,Really red number whether.
583,719,25,2021-05-23,15:02:46,Closing,
584,725,14,2022-02-13,8:07:49,Viewing,
585,4,66,2022-12-10,6:13:18,Viewing,
586,158,36,2021-07-13,21:43:58,Viewing,
587,336,100,2021-08-25,12:45:29,Viewing,
588,72,28,2023-05-08,0:45:53,Viewing,
589,383,85,2022-06-15,20:14:54,Viewing,Effect piece style bank.
590,444,37,2021-01-05,15:18:57,Viewing,Near drive source adult position continue.
591,967,4,2021-04-25,17:56:24,Closing,
592,769,13,2021-09-18,14:29:36,Consultation,
593,336,93,2023-01-03,12:32:00,Viewing,Reason she hospital show.
594,390,28,2023-05-31,0:57:08,Closing,Near design try head performance.
595,224,48,2021-04-06,12:56:42,Consultation,
596,181,74,2021-03-11,12:14:28,Viewing,Act all party note room with writer.
597,872,86,2023-11-05,9:59:57,Viewing,Catch sea then always.
598,237,36,2022-08-31,1:24:16,Viewing,With second lot church teacher yet.
599,87,13,2021-11-20,1:36:05,Viewing,
600,498,20,2022-11-01,1:40:10,Viewing,