employeeid,officeid,firstname,lastname,role,email,phonenumber,salary
1,10,Zachary,Parker,Support,jennifer41@example.com,0015639450,145216
2,14,Ashley,Meyer,Support,andrewdalton@example.org,6204515751,67844
3,13,Margaret,Miller,Agent,ericyoung@example.com,7493451010,38052
4,18,David,Henry,Agent,guzmanthomas@example.org,7226293340,145343
5,17,Carmen,Moore,Manager,pmorrison@example.com,8004880052,61481
6,6,Alice,Buchanan,Admin,barbaraclarke@example.net,0017474540,129478
7,6,Marie,Schroeder,Support,leonkayla@example.net,7566991745,101944
8,16,Jennifer,Hughes,Admin,xdavies@example.com,2585740610,107685
9,7,Susan,Walker,Manager,lisa10@example.com,4532964684,118618
10,16,Christina,Garcia,Support,pottseugene@example.net,7169080118,135515
11,9,Sean,Keith,Admin,xhicks@example.net,8756317370,42611
12,1,Richard,Phillips,Manager,collinsdenise@example.com,5456505630,67516
13,19,Tracy,Ramirez,Manager,kathleen07@example.org,7246188531,58781
14,1,Cameron,Simpson,Admin,stephanieball@example.org,6197587771,115708
15,3,Theodore,Brown,Admin,nsmith@example.net,9238746901,53299
16,1,Bruce,Cortez,Manager,wangjames@example.net,3119220537,93651
17,7,Jacob,Wilson,Admin,nicholasoliver@example.com,6843702718,140585
18,11,Kirsten,Morrison,Manager,glowery@example.com,9673726481,121604
19,19,Carol,Rosario,Admin,thomashernandez@example.org,0014832562,130776
20,20,Nicholas,Lopez,Admin,mckenziejames@example.com,4058887748,69419
21,2,Brandon,Fitzpatrick,Support,martinjason@example.net,0015362841,89861
22,19,Margaret,Wells,Support,grayalicia@example.com,0014022335,144154
23,8,Joseph,Robbins,Support,scottjennifer@example.org,7479665668,72815
24,17,Chloe,Gomez,Admin,emily25@example.net,9749289781,113194
25,8,Michael,Abbott,Admin,bradley79@example.net,7233476476,42443
26,19,Danielle,Dillon,Admin,larryrogers@example.com,5137816041,79031
27,18,Scott,Whitney,Support,nancy96@example.com,3776327354,143198
28,4,Haley,Ortega,Agent,joeljacobs@example.net,2358703003,42328
29,17,Daniel,Russell,Admin,diane56@example.com,7579314455,49490
30,18,Travis,Garner,Manager,bthomas@example.com,4907540301,116453
31,20,James,Nichols,Support,jeffreygarcia@example.com,8684213664,30280
32,14,Brian,Donaldson,Manager,normanhartman@example.com,2668654849,136910
33,6,David,Morrow,Manager,mrollins@example.org,6467727692,77371
34,18,Melinda,Jacobs,Admin,scott96@example.com,8687953812,47033
35,13,Teresa,Wood,Agent,charles73@example.net,5312329339,50113
36,13,Hunter,Wilson,Support,michelle13@example.com,3045320617,120388
37,17,Nathan,Mcintyre,Agent,jennifermorgan@example.org,5413642387,105933
38,6,Jennifer,Nelson,Manager,thomas42@example.org,0016538238,137999
39,14,Annette,Lloyd,Admin,barnespamela@example.com,0018363705,81123
40,14,Russell,Oneal,Support,hromero@example.com,0018738582,89206
41,1,Brenda,Conley,Manager,hendersonjohn@example.com,7315393306,63997
42,20,James,Rice,Support,melinda19@example.net,9326242049,99873
43,9,Daniel,Jones,Support,dianeking@example.org,7134630200,84723
44,6,Jessica,Bennett,Manager,pughsean@example.org,8645823539,116374
45,6,Michael,Williamson,Agent,stephaniebarnes@example.com,7387585918,146821
46,17,James,Davis,Admin,qmadden@example.com,9127372060,138959
47,8,Patrick,Chandler,Manager,jennifercole@example.net,2314895516,55460
48,19,Autumn,Lewis,Agent,taylor00@example.com,0019518508,64393
49,20,Kara,Price,Support,williamsjesse@example.net,2493271679,96381
50,5,Gary,Yates,Support,melendeztravis@example.org,0018839863,107956
51,16,Theresa,Moran,Manager,robertsdavid@example.com,6465345577,90542
52,19,Randy,Cantrell,Admin,victoriarose@example.org,0012882598,143922
53,13,Vickie,Jones,Manager,ryanparrish@example.com,3407485740,146545
54,6,Bradley,Tucker,Support,matthewpayne@example.com,9206104812,61058
55,6,Donald,Morales,Support,smithderek@example.org,0016356327,51205
56,20,Linda,Turner,Agent,dillon90@example.org,9389103038,36755
57,1,Rebecca,Fisher,Support,karen25@example.org,9766638876,125174
58,11,Denise,Johnson,Agent,joseph54@example.com,7086529355,41603
59,20,Jessica,Bennett,Agent,howardholly@example.net,2116001945,143744
60,8,Ian,Murray,Admin,lovestephanie@example.net,0019208122,93762
61,2,John,Leon,Support,danielperry@example.org,6575911405,38076
62,14,Sierra,Lowe,Agent,uspencer@example.net,2257219847,140890
63,12,Kaylee,Wade,Agent,johnburton@example.net,6463197745,121242
64,5,Crystal,Blackburn,Admin,zlewis@example.net,9249495436,116327
65,4,Dana,Christian,Manager,ryanford@example.net,2364967346,129409
66,2,James,Wilson,Manager,victorjohnson@example.org,0016882305,52775
67,1,Michael,Benitez,Agent,gonzalezanna@example.net,8655871114,47672
68,4,Cory,Alvarez,Admin,dustin97@example.org,3185903746,79750
69,16,Anthony,Thomas,Admin,carrollerin@example.com,8209250346,123344
70,20,Tina,Lowe,Manager,efleming@example.com,6268682451,107631
71,10,Stephen,Cooper,Support,kmiller@example.net,3053039454,109447
72,12,Paula,Wilson,Admin,rogerburns@example.com,0012617155,65729
73,13,Michael,Hensley,Manager,christopher90@example.org,0016796455,116044
74,18,Teresa,Lopez,Manager,ebailey@example.com,5294205938,78177
75,7,Shaun,Brown,Agent,leroy97@example.org,4985454246,91122
76,2,Kenneth,Stein,Admin,rojascheryl@example.net,3543019752,59344
77,11,James,Mcguire,Admin,jcherry@example.com,4066619474,119486
78,16,Adam,Martinez,Agent,jenniferharris@example.com,3002314652,64146
79,6,Andrew,Stein,Support,megan44@example.org,7589269070,102273
80,16,Timothy,Davis,Admin,alvaradopamela@example.net,9503730186,149103
81,6,Michael,Benton,Agent,morganali@example.net,4053052590,34005
82,11,Rodney,Miranda,Manager,evandavis@example.com,7852211707,92672
83,4,Douglas,Smith,Manager,walkersuzanne@example.com,5202610593,74482
84,10,Elizabeth,Jackson,Agent,fredericklaura@example.org,6883917619,82911
85,3,Kathryn,Suarez,Admin,daltonrebecca@example.org,8079689229,114563
86,19,Crystal,Wilson,Support,sextonalejandro@example.org,6965556348,57108
87,20,Sierra,Garcia,Admin,vvaughn@example.org,8822052278,108211
88,1,Jenna,Fry,Support,richardlewis@example.com,8853357962,99794
89,15,Nicole,Johnson,Agent,vincentjones@example.net,9678008549,97638
90,5,Jacob,Pacheco,Manager,ginapatterson@example.org,7834547911,106784
91,20,Cheryl,Castro,Agent,torresjennifer@example.net,9463103050,45180
92,16,Denise,Miller,Manager,jessicawood@example.org,4776302651,98520
93,20,Shawn,Dawson,Agent,laneroger@example.net,9067304842,106583
94,20,Anthony,Tate,Admin,christopher21@example.com,2999076269,91077
95,11,Amanda,Myers,Admin,shaun67@example.net,6588397004,87769
96,15,Emily,White,Agent,deanna97@example.net,9267871672,81182
97,18,Debra,Brennan,Admin,zlewis@example.net,0012569635,121208
98,20,Emma,Trujillo,Agent,forbesjeremy@example.com,5654706658,50980
99,13,Kelly,Campbell,Admin,richardevans@example.org,0018457520,107334
100,11,Dennis,Johnson,Support,kimnicole@example.com,5438368902,120434