maintenancerequestid,homeid,requestdate,issuedescription,urgencylevel,resolutionstatus
1,69,2022-10-19,Beat card and bill rise blue kitchen.,Low,Pending
2,11,2022-05-08,Put professor ground matter example last.,Low,In Progress
3,47,2021-10-28,Never suffer than seven degree.,Medium,In Progress
4,100,2022-01-24,Including marriage society follow spend threat.,Low,Completed
5,71,2023-03-12,Challenge little share skill.,Medium,Completed
6,17,2021-12-07,Sound suddenly behavior focus establish.,Low,Pending
7,30,2023-05-10,Bed turn culture across themselves author.,Low,In Progress
8,74,2022-03-29,Court nearly paper order explain.,High,Pending
9,93,2023-01-16,Grow nearly probably according new support.,Medium,Completed
10,29,2023-06-24,Body this industry poor rise plan authority.,Low,In Progress
11,61,2021-02-20,Continue easy change well way career.,Medium,In Progress
12,69,2022-09-29,Analysis whole front.,High,Completed
13,53,2023-08-19,Run development history reason serious media cell.,Medium,In Progress
14,10,2022-07-04,Three fly according everyone option military.,Low,In Progress
15,81,2021-02-10,Break indeed short can avoid that spend defense.,Medium,Pending
16,38,2021-03-07,Clear full such when.,High,In Progress
17,77,2021-08-31,Want even professional.,Medium,Completed
18,72,2021-05-15,Past future girl land source above choice.,Medium,Completed
19,13,2022-11-12,Budget reflect strong sense stop man stage.,High,In Progress
20,81,2023-03-25,Message claim control.,Low,In Progress
21,39,2021-03-06,Power let pretty production far real country.,Medium,Pending
22,48,2022-06-03,Newspaper color or.,High,Pending
23,51,2023-01-08,Phone instead rule.,High,Pending
24,67,2021-09-27,Possible value yourself truth own beautiful.,Medium,Completed
25,13,2021-07-13,Least join movie vote significant keep kitchen.,Low,Pending
26,29,2022-01-07,Itself nice economy take cost painting federal.,High,Completed
27,16,2023-11-29,Property close best religious.,Medium,Completed
28,83,2022-10-23,Enjoy which soon.,Low,Pending
29,32,2021-06-02,Site site various skill Republican woman woman.,Low,Pending
30,4,2022-02-18,Plant change his resource article consumer.,Low,In Progress
31,71,2023-04-15,Idea series act agency person couple.,Medium,Pending
32,81,2022-04-22,Close guess thought court area rich.,Low,Pending
33,22,2022-12-21,Once cell bank sport before notice.,High,Pending
34,86,2021-09-20,Result others wonder.,Low,Completed
35,79,2021-04-22,Raise window lawyer use finally economy.,Medium,Completed
36,36,2021-01-01,Major either different certain front have.,Low,Pending
37,99,2022-02-04,Office song left population.,Low,Completed
38,38,2021-04-22,Stop do improve hit PM travel view would.,High,Completed
39,11,2022-03-07,Action decade job history color paper.,Low,Pending
40,16,2023-11-15,President new identify laugh consider drug.,Medium,In Progress
41,14,2023-12-01,Actually stay government pay federal east.,Low,Pending
42,94,2022-08-02,Station forget imagine guy program.,Low,Pending
43,75,2023-04-29,Bill condition TV resource loss.,High,Completed
44,31,2021-08-25,Floor hotel case prevent.,Medium,In Progress
45,33,2023-10-15,Record visit trial would organization body break training.,Low,In Progress
46,16,2021-11-25,Everyone without military campaign interview measure win.,Medium,In Progress
47,60,2021-07-13,Get finish listen table today.,Medium,Pending
48,80,2022-06-22,Task remain everybody teacher.,Medium,Completed
49,25,2023-09-21,Discussion sure someone western weight.,High,Pending
50,59,2022-05-26,On technology time price several environment.,High,Completed
51,47,2022-03-19,Relationship list somebody another morning my husband cause.,High,In Progress
52,52,2021-05-10,Lawyer none force.,Medium,Completed
53,31,2022-04-26,Today difficult between determine building cost.,High,Pending
54,11,2023-05-02,Research government scientist between in.,Low,Pending
55,21,2022-01-30,Management travel per ground coach husband coach good.,Medium,Pending
56,39,2023-10-07,Yes provide old everyone at scientist.,Medium,In Progress
57,94,2021-06-11,Laugh card truth write five rock.,Medium,Pending
58,75,2022-02-27,Own here stand high common analysis.,Medium,In Progress
59,9,2021-12-17,Available commercial Mr home rather water us father.,High,Pending
60,67,2023-02-17,Bit fill exactly necessary cause provide oil.,Medium,In Progress
61,94,2021-11-15,Each fly show plant.,Medium,Completed
62,19,2021-02-16,Beyond thousand cut wind generation word television.,Medium,In Progress
63,18,2022-11-06,Serious language whom speech candidate away attorney.,Medium,Pending
64,61,2022-12-09,Field without night participant determine likely fish.,Medium,Pending
65,42,2021-10-06,Stage heart maintain yet.,High,In Progress
66,7,2022-09-16,Imagine authority level administration sing give.,Medium,Completed
67,81,2022-11-27,Sell southern last community yard help.,High,Pending
68,49,2022-12-07,Charge cause something lot.,Medium,Completed
69,87,2021-02-21,Parent different be top.,Low,Completed
70,83,2023-03-13,First cost better difficult well want traditional lot.,Low,Pending
71,28,2023-06-11,Road financial live task manager development process.,Medium,Pending
72,25,2022-02-24,Seem material artist break happen institution.,Medium,Pending
73,20,2021-09-03,Response school hold must.,Low,Pending
74,80,2023-11-03,Open new price north American.,High,Pending
75,63,2023-07-19,Quality stuff box too property capital.,Low,In Progress
76,56,2023-01-22,Safe top provide town.,Low,Completed
77,12,2023-10-06,Society never big size.,Low,Completed
78,35,2021-05-03,Seek can fill idea yard family business.,Medium,Pending
79,4,2022-11-13,Another blood traditional bag.,Medium,Completed
80,44,2021-05-09,Program must offer realize standard defense sort.,High,In Progress
81,22,2022-09-24,Until result form ever team smile which.,Low,Completed
82,56,2023-07-12,Understand health child ready perhaps police voice.,Low,Pending
83,79,2023-03-11,Such if material always.,Medium,Pending
84,5,2021-04-04,Fast fall both effect.,Medium,Pending
85,13,2022-07-29,Actually card ever always society.,Medium,Completed
86,15,2023-03-03,Study short subject pretty.,Medium,Completed
87,67,2023-10-06,Mind three wonder room song bag bad.,Medium,Completed
88,55,2023-03-12,City cost affect player hope.,Medium,Completed
89,10,2023-08-16,Course tax better idea trial usually share their.,Low,Completed
90,37,2023-11-23,During born of two detail.,Medium,Completed
91,83,2023-09-26,Occur by reason.,Low,Completed
92,69,2021-08-22,Politics deep size key member.,Medium,Completed
93,80,2021-12-07,Realize head consider data would.,High,In Progress
94,54,2023-06-01,Person represent agency source coach.,Low,Pending
95,51,2022-02-19,Open rise each morning third.,Medium,Completed
96,50,2022-09-23,Mention let stage.,Low,In Progress
97,22,2022-05-01,Meeting beyond wide traditional.,Medium,Pending
98,36,2022-11-18,Natural environmental fund.,Low,Pending
99,49,2023-05-20,Coach focus prove interesting.,Medium,Pending
100,52,2023-07-28,Film develop follow themselves.,Low,Pending
101,55,2021-02-26,Walk especially often western forward laugh way.,Medium,In Progress
102,97,2022-11-13,Reason under very edge will until law a.,Low,In Progress
103,78,2021-03-25,Get few upon ability reach culture national significant.,Low,Completed
104,57,2022-07-26,Just still partner down.,Low,Pending
105,71,2023-05-30,Loss apply write worry find let.,Medium,Completed
106,83,2022-01-30,Near hope design activity benefit key.,Medium,Pending
107,73,2022-07-30,Congress one political compare enough.,High,In Progress
108,93,2022-11-17,Car stuff yeah know natural like.,High,Pending
109,98,2023-09-04,Next join bank candidate.,Low,Completed
110,45,2023-01-09,Table seat glass once administration.,Medium,Pending
111,50,2021-09-18,Keep hospital media like wrong education people.,Medium,Pending
112,22,2022-10-29,Ahead turn majority economic technology sort.,Medium,Completed
113,17,2022-11-30,Author play dog.,Medium,In Progress
114,44,2022-09-15,Spend buy face reach possible.,Medium,Completed
115,43,2023-06-05,Want instead employee lose eye our.,High,In Progress
116,14,2021-02-14,Thought resource poor professional from kid discover wear.,Medium,Completed
117,67,2023-02-20,Realize experience official political side.,High,Completed
118,36,2023-09-25,Line operation either adult term lawyer lawyer.,High,Pending
119,14,2022-06-21,Note case study watch not must administration.,Low,Completed
120,4,2021-10-29,Responsibility approach relate million Congress.,High,Pending
121,42,2023-05-27,Financial road discussion particularly series what if minute.,Low,In Progress
122,6,2023-01-16,Subject pick unit choice laugh.,Medium,In Progress
123,78,2021-02-18,Arm make reality safe friend surface.,Medium,Completed
124,85,2021-11-18,Now degree process only candidate thousand country.,Medium,In Progress
125,67,2021-11-08,Parent test throw attack still.,Low,In Progress
126,100,2022-04-16,Blood team power former.,Low,Pending
127,77,2023-02-14,Successful much purpose law do near.,Low,Pending
128,6,2021-05-02,Rich myself say.,High,In Progress
129,45,2022-07-07,Candidate operation white watch task on board.,Medium,Pending
130,17,2023-10-02,Also property leave.,Medium,Completed
131,51,2021-10-26,Collection outside indeed throughout wall career care.,Medium,Pending
132,2,2022-12-23,Table person democratic with should beyond into.,High,Completed
133,49,2023-08-13,Group audience ok station friend scene.,Low,Pending
134,13,2022-04-05,Despite better amount financial room almost.,Medium,Pending
135,24,2022-09-24,Class investment area reach.,Medium,Completed
136,21,2023-05-20,Truth American contain against new enter own.,High,In Progress
137,63,2021-10-01,We out development avoid.,Low,In Progress
138,3,2023-05-15,Study lawyer yeah dark keep eat.,Medium,Completed
139,69,2023-06-10,Citizen community act despite recent age first.,Medium,In Progress
140,98,2021-03-24,Hope finish democratic.,Medium,Pending
141,12,2021-10-07,Trade raise event democratic sister possible language.,Low,Pending
142,50,2022-12-24,And provide create deep evidence range only.,Low,Completed
143,13,2021-06-26,Moment wide whom be part.,Medium,Pending
144,15,2023-05-29,Money who anything firm director out figure PM.,Low,In Progress
145,68,2023-10-25,Eat remain three south mean.,Medium,Completed
146,85,2021-04-12,Song high prevent second character level glass.,Medium,Pending
147,50,2022-10-29,Always lose traditional food off great.,Medium,Pending
148,35,2023-10-01,Give ahead southern meeting real picture offer.,Low,Completed
149,15,2023-08-06,Writer even full deal.,Low,Completed
150,79,2023-04-15,Between use impact woman upon quite.,Low,Completed